Contrato;Fornecedor;Tipo;Descrição;Objeto;Caminho
00001/2021;CAIXA ECONOMICA FEDERAL;Termo Aditivo;FIXA O LIMITE DE PARCELAS EM 120 MESES;CONCESSÃO DE EMPRÉSTIMO CONSIGNADO;https://contratos.comprasnet.gov.br/storage/contrato/118401_00001_2021/c9364eceba244b201ba466ff25834b15.pdf
00017/2021;SARAM SERVICOS ESPECIALIZADOS LTDA;Contrato;PRESTAÇÃO DE SERVIÇOS CONTINUADOS DE COPEIRA NO TRIBUNAL REGIONAL ELEITORAL DE RORAIMA E NOS CARTÓRIOS DA 1ª E 5ª ZONAS ELEITORAIS;CONTRATAÇÃO DE EMPRESA PARA A PRESTAÇÃO DE SERVIÇOS CONTINUADOS DE COPEIRA NAS DEPENDÊNCIAS DO TRIBUNAL REGIONAL ELEITORAL DE RORAIMA E DOS CARTÓRIOS DA 1ª E 5ª ZONAS ELEITORAIS, EM CONFORMIDADE COM AS ESPECIFICAÇÕES CONTIDAS NO TERMO DE REFERÊNCIA 44/2021;https://contratos.comprasnet.gov.br/storage/contrato/118768_00017_2021/9975fddf3ccd1f1f4b569f5c8e2f66c2.pdf
00021/2020;TELTEC SOLUTIONS LTDA;Contrato;SOFTWARE DE ESCRITÓRIO, ARMAZENAMENTO, DENOMINADA OFFICE 365 ENTERPRISE E1, E3 E E5;CONTRATAÇÃO DE SOLUÇÃO INTEGRADA DE VIDEOCONFERÊNCIA, PACOTE DE SOFTWARE DE ESCRITÓRIO, ARMAZENAMENTO, DENOMINADA OFFICE 365 ENTERPRISE E1, E3 E E5, INCLUINDO REPASSE DE CONHECIMENTO, MIGRAÇÃO DADOS E CONFIGURAÇÕES DOS DOMÍNIOS CONFORME ESPECIFICAÇÕES CONSTANTES NOS CORRESPONDENTES TERMO DE REFERÊNCIA 79/2020;https://contratos.comprasnet.gov.br/storage/contrato/118934_00021_2020/eda06c99c3e7906f4cc342747594a864.pdf
00021/2020;TELTEC SOLUTIONS LTDA;Termo Aditivo;ACRÉSCIMO DAS LICENÇAS DO OFFICE 365 ENTERPRISE E1, E3;CONTRATAÇÃO DE SOLUÇÃO INTEGRADA DE VIDEOCONFERÊNCIA, PACOTE DE SOFTWARE DE ESCRITÓRIO, ARMAZENAMENTO, DENOMINADA OFFICE 365 ENTERPRISE E1, E3 E E5, INCLUINDO REPASSE DE CONHECIMENTO, MIGRAÇÃO DADOS E CONFIGURAÇÕES DOS DOMÍNIOS CONFORME ESPECIFICAÇÕES CONSTANTES NOS CORRESPONDENTES TERMO DE REFERÊNCIA 79/2020;https://contratos.comprasnet.gov.br/storage/contrato/118934_00021_2020/b0454f47c08f9c4a6c50df1f9562fe7f.pdf
00021/2020;TELTEC SOLUTIONS LTDA;Termo Aditivo;CONTRATO TRE/RR 21/2020 FICA PRORROGADO ATÉ O DIA 22/10/2022, COM FULCRO NO ART. 57, INCISO II, DA LEI N.º 8.666/93.;CONTRATAÇÃO DE SOLUÇÃO INTEGRADA DE VIDEOCONFERÊNCIA, PACOTE DE SOFTWARE DE ESCRITÓRIO, ARMAZENAMENTO, DENOMINADA OFFICE 365 ENTERPRISE E1, E3 E E5, INCLUINDO REPASSE DE CONHECIMENTO, MIGRAÇÃO DADOS E CONFIGURAÇÕES DOS DOMÍNIOS CONFORME ESPECIFICAÇÕES CONSTANTES NOS CORRESPONDENTES TERMO DE REFERÊNCIA 79/2020;https://contratos.comprasnet.gov.br/storage/contrato/118934_00021_2020/baf52a855f2df2e9dff48aa0418c5ba1.pdf
00019/2020;RIZOLMAR A. DE OLIVEIRA;Contrato;SERVIÇOS DE ACESSO À INTERNET DEDICADA (200 MBPS);CONTRATAÇÃO DE SERVIÇOS DE ACESSO À INTERNET DEDICADA, CONFORME ESPECIFICAÇÕES CONSTANTES NO TERMO DE REFERÊNCIA 92/2020;https://contratos.comprasnet.gov.br/storage/contrato/119100_00019_2020/46624eb4e6e4dba0a6ed2354991161db.pdf
00019/2020;RIZOLMAR A. DE OLIVEIRA;Termo Aditivo;FICA PRORROGADO POR MAIS 06 (SEIS) MESES, COM FULCRO NO ART. 57, INCISO II, DA LEI N.º 8.666/93.;CONTRATAÇÃO DE SERVIÇOS DE ACESSO À INTERNET DEDICADA, CONFORME ESPECIFICAÇÕES CONSTANTES NO TERMO DE REFERÊNCIA 92/2020;https://contratos.comprasnet.gov.br/storage/contrato/119100_00019_2020/d433a97bcd4adfb03930918b5479b21e.pdf
00019/2020;RIZOLMAR A. DE OLIVEIRA;Termo Apostilamento;TERMO DE APOSTILAMENTO N.º 5/2024;CONTRATAÇÃO DE SERVIÇOS DE ACESSO À INTERNET DEDICADA, CONFORME ESPECIFICAÇÕES CONSTANTES NO TERMO DE REFERÊNCIA 92/2020;https://contratos.comprasnet.gov.br/storage/contrato/119100_00019_2020/oo0xF8PJFOs570Z6gmTDRrOlg31iDtJ4lgb98MBU.pdf
00005/2021;ACTIVEWEB TECHNOLOGIES INFORMATICA LTDA;Outros Arquivos;CERTIFICADO DIGITAL DO TIPO WILDCARD, VALIDADE DE 3 (TRÊS) ANOS;CONTRATAÇÃO DE EMPRESA PARA O FORNECIMENTO DE CERTIFICADO DIGITAL DO TIPO WILDCARD,  EM CONFORMIDADE COM AS CONDIÇÕES E ESPECIFICAÇÕES ESTABELECIDA NO TERMO DE REFERÊNCIA 64/2021;https://contratos.comprasnet.gov.br/storage/contrato/119148_00005_2021/347ef44d45e08947fc99e948d102301f.pdf
00016/2021;EDITORA BOA VISTA LTDA - EPP;Contrato;SERVIÇO DE PUBLICAÇÃO DE ATOS EM JORNAL DE GRANDE CIRCULAÇÃO LOCAL;SERVIÇO DE PUBLICAÇÃO DE ATOS EM JORNAL DE GRANDE CIRCULAÇÃO LOCAL;https://contratos.comprasnet.gov.br/storage/contrato/121444_00016_2021/3a017a1e5395cf7cdceae9459b9eb69b.pdf
00007/2021;ESSENCIAL SERVIÇOS LTDA;Garantia;Garantia;CONTRATAÇÃO DE SERVIÇOS DE LAVAGEM, PULVERIZAÇÃO, POLIMENTO, LUBRIFICAÇÃO, TROCA DE ÓLEO, SUBSTITUIÇÃO DE FILTROS E CONSERTO DE PNEUS DOS VEÍCULOS DO TRIBUNAL REGIONAL ELEITORAL DE RORAIMA, CONFORME ESPECIFICAÇÕES E CONDIÇÕES ESTABELECIDAS NO TERMO DE REFERÊNCIA 107 (0579026) NO EDITAL N] 06/2021 E SEUS ANEXOS (0607372) E NA PROPOSTA (0618657).;https://contratos.comprasnet.gov.br/storage/contrato/135568_00007_2021/GDSEN18Ayq5GnXJzrX9gjRJc1QkEcT8YWvCfHfzf.pdf
00039/2022;L3 INFORMATICA LTDA;Contrato;Contrato;LICENÇAS PLATAFORMA ZOOM;https://contratos.comprasnet.gov.br/storage/contrato/151383_00039_2022/NWiT9H5qNHRvyJPHAJl54wVNpTSmdU6AdG9v8lP2.pdf
00039/2022;L3 INFORMATICA LTDA;Termo Aditivo;Termo Aditivo;LICENÇAS PLATAFORMA ZOOM;https://contratos.comprasnet.gov.br/storage/contrato/151383_00039_2022/aXJlpKieqA7fRvwqX6Plpk8xGq5givxfZCnUDM06.pdf
00058/2022;S J J DA S PAIVA;Termo Apostilamento;Termo Apostilamento;CONTRATAÇÃO DE SERVIÇO DE MANUTENÇÃO PREVENTIVA E CORRETIVA DE GRUPOS MOTORES GERADORES E SUBESTAÇÕES DO TRIBUNAL REGIONAL ELEITORAL DE RORAIMA;https://contratos.comprasnet.gov.br/storage/contrato/162140_00058_2022/5MeSyBQyCp9xN38vn9Q7a6sRg2bP6JJ1iBwvtwKD.pdf
00010/2023;EXTREMO NORTE SERVICOS DE LIMPEZA LTDA;Garantia;Garantia;PRESTAÇÃO DE SERVIÇOS TERCEIRIZADOS DE MÃO DE OBRA DE AUXILIAR DE SERVIÇOS OPERACIONAIS E MANUTENÇÃO;https://contratos.comprasnet.gov.br/storage/contrato/184285_00010_2023/An1QXj7HDnZg766obKyeR1ORw0cCsuVtYMhVmT0F.pdf
00001/2023;GEAP AUTOGESTAO EM SAUDE;Contrato;Autogestão;PRESTAÇÃO DE ASSISTÊNCIA À SAÚDE AOS MAGISTRADOS ATIVOS E INATIVOS, SERVIDORES EFETIVOS ATIVOS E INATIVOS, PENSIONISTAS, AOS OCUPANTES DE CARGO COMISSIONADO, AOS SERVIDORES CEDIDOS OU REQUISITADOS DO PATROCINADOR TRE/RR, BEM COMO AOS SEUS DEPENDENTES E RESPECTIVOS GRUPOS FAMILIARES DEFINIDOS NOS TERMOS DESTE CONVÊNIO;https://contratos.comprasnet.gov.br/storage/contrato/187494_00001_2023/WUN5rVzKTwxIXiwgLOwUR2qNJVwQ3o5q5mfmFjEM.pdf
00001/2023;GEAP AUTOGESTAO EM SAUDE;Termo Aditivo;Termo Aditivo;PRESTAÇÃO DE ASSISTÊNCIA À SAÚDE AOS MAGISTRADOS ATIVOS E INATIVOS, SERVIDORES EFETIVOS ATIVOS E INATIVOS, PENSIONISTAS, AOS OCUPANTES DE CARGO COMISSIONADO, AOS SERVIDORES CEDIDOS OU REQUISITADOS DO PATROCINADOR TRE/RR, BEM COMO AOS SEUS DEPENDENTES E RESPECTIVOS GRUPOS FAMILIARES DEFINIDOS NOS TERMOS DESTE CONVÊNIO;https://contratos.comprasnet.gov.br/storage/contrato/187494_00001_2023/DeofY5I0gDllu1lH5AM4DxvGhp77TTjhNLQoXpdP.pdf
00005/2023;L.C.P ALVES CURSOS E TREINAMENTOS;Contrato;Contrato;CONTRATAÇÃO DE CURSO, PRESENCIAL, TEÓRICO E PRÁTICO DE COMPRAS PÚBLICAS ELETRÔNICAS, INCLUINDO CONTRATAÇÃO DIRETA, COM BASE NA LEI 14.133/2021, EM CONFORMIDADE COM AS CONDIÇÕES E ESPECIFICAÇÕES ESTABELECIDA NO TERMO DE REFERÊNCIA N.º 15/2023 (0769264).;https://contratos.comprasnet.gov.br/storage/contrato/195043_00005_2023/eWms9Karh2rjmp2k2OtmZOqdrvS8qDbRzBfjv8ND.pdf
00002/2023;WE GOV - TREINAMENTO PARA GESTAO PUBLICA LTDA;Contrato;Contrato;CAPACITAÇÃO PARA DISSEMINAR A CULTURA DA INOVAÇÃO, INCENTIVANDO PESQUISAS, ESTUDOS E AÇÕES. ADEMAIS, ATENDE OS DITAMES DA RESOLUÇÃO CNJ N. 395/2021, BEM COMO O REQUISITO PREVISTO NA PORTARIA CNJ 170, QUE DETERMINA A REALIZAÇÃO DE CAPACITAÇÃO DE LABORATORISTAS NO TRIBUNAL.;https://contratos.comprasnet.gov.br/storage/contrato/195133_00002_2023/FfoOXJ6qET2rdfC244G5C3VQOjDy0QRz8f3URoPd.pdf
00006/2023;E S RABELO;Contrato;Contrato;PRESTAÇÃO DOS SERVIÇOS DE MANUTENÇÃO E RECARGA DE EXTINTORES.;https://contratos.comprasnet.gov.br/storage/contrato/195639_00006_2023/GdRJGtfy1wmXvkLdiIcHKBbXpoShBKWxcgzJ7AYM.pdf
00015/2023;IMPERIO COMERCIO E SERVICO LTDA;Contrato;Contrato;AQUISIÇÃO DE MATERIAIS DE CONSUMO DIVERSOS;https://contratos.comprasnet.gov.br/storage/contrato/195682_00015_2023/McRutUTT7aaDTgmrlDICJwNoY5R1uAl5hUWWTSJV.pdf
00007/2023;OMNIA CONHECIMENTO E TECNOLOGIA LTDA;Contrato;Contrato;CONTRATAÇÃO DE EMPRESA PARA MINISTRAR CURSO EM ANÁLISE DE PRESTAÇÃO DE CONTAS DE CAMPANHA ELEITORAL, EM CONFORMIDADE COM AS CONDIÇÕES E ESPECIFICAÇÕES ESTABELECIDA NO TERMO DE REFERÊNCIA 38/2023.;https://contratos.comprasnet.gov.br/storage/contrato/196527_00007_2023/ix684zOhOpuN0AvRzBj8qqzQrLiOuSttxvdqCbp7.pdf
00008/2023;PAR CONSULT INFORMATICA LTDA - EPP;Contrato;Contrato;CONTRATAÇÃO DE CURSO, PRESENCIAL, TEÓRICO E PRÁTICO DE GESTÃO POR PROCESSOS, COM DURAÇÃO DE 28 HORAS, CONFORME CONDIÇÕES E EXIGÊNCIAS ESTABELECIDAS NO TERMO DE REFERÊNCIA 41 (0786902).;https://contratos.comprasnet.gov.br/storage/contrato/197598_00008_2023/RmXSkSkwDAiijAp6cbadX454UQO2OLpGAHY1e86z.pdf
00011/2023;REDE NACIONAL DE ENSINO E PESQUISA - RNP;Contrato;Contrato;O OBJETO DESTE INSTRUMENTO CONSISTE NA CONTRATAÇÃO DE EMPRESA PARA CAPACITAÇÃO DE SERVIDORES, NO CURSO DE ADMINISTRAÇÃO DE BANCO DE DADOS (POSTGRESQL COM ALTA DISPONIBILIDADE), EM CONFORMIDADE COM AS CONDIÇÕES E ESPECIFICAÇÕES ESTABELECIDA NO TERMO DE REFERÊNCIA.;https://contratos.comprasnet.gov.br/storage/contrato/202273_00011_2023/J2wAvEARFweDIpLaAly3mkwWuXsoV4CDk1QJ831M.pdf
00023/2023;NTSEC SOLUCOES EM TELEINFORMATICA LTDA;Contrato;Contrato;O PRESENTE CONTRATO TEM POR OBJETO O FORNECIMENTO DE SOLUÇÃO DE WEB APPLICATION FIREWALL (WAF) E BALANCEAMENTO DE CARGA, INCLUINDO PRESTAÇÃO DE SERVIÇOS DE INSTALAÇÃO E CONFIGURAÇÃO, TREINAMENTO ESPECIALIZADO E SERVIÇO DE OPERAÇÃO ASSISTIDA, COM GARANTIA TÉCNICA DE 60 (SESSENTA) MESES.;https://contratos.comprasnet.gov.br/storage/contrato/202522_00023_2023/yVz2W2N01Ajsgtc1bplfcOc5stUSMmsogO9LeoqE.pdf
00012/2023;ERISEVELTON SILVA LIMA;Contrato;Contrato;O OBJETO DESTE INSTRUMENTO CONSISTE NA CONTRATAÇÃO DE PRESTAÇÃO DE SERVIÇO EDUCACIONAL, ONLINE, SÍNCRONO E ASSÍNCRONO PARA A MINISTRAÇÃO DO CURSO DE FORMAÇÃO DE FORMADORES, NÍVEL 1, MÓDULO 2, INCLUINDO CONTRATAÇÃO DIRETA, COM BASE NA LEI 14.133/2021, CONFORME CONDIÇÕES E EXIGÊNCIAS ESTABELECIDAS NESTE INSTRUMENTO.;https://contratos.comprasnet.gov.br/storage/contrato/202947_00012_2023/Wu7HqIQfaDCi7rnUn26vu1Vh6tmT4hOfekLPSjHe.pdf
00026/2023;PERFECT ASSESSORIA EM LICITACAO LTDA;Contrato;Contrato;O OBJETO DO PRESENTE INSTRUMENTO É A AQUISIÇÃO DE CABO DIRECT ATTACH DE 10G COM 05 METROS (TWINAX) E MÓDULO 10GBASE-LR, EM CONFORMIDADE COM AS ESPECIFICAÇÕES CONTIDAS NO TERMO DE REFERÊNCIA (0773919) E SEUS ANEXOS.;https://contratos.comprasnet.gov.br/storage/contrato/203228_00026_2023/oEG7muKpV3FSX63FZ62RW7KXeeImqaongmfy25y0.pdf
00028/2023;PLUGNET COMERCIO E REPRESENTACOES LTDA.;Contrato;Contrato;O OBJETO DO PRESENTE INSTRUMENTO É A AQUISIÇÃO DE SOLUÇÃO DE BACKUP EM DISCO COM CAPACIDADE MÍNIMA DE ARMAZENAMENTO NATIVO EM DISCO DE 50 TB (CINQUENTA TERABYTES) ÚTEIS PARA DADOS, INSTALADOS E LICENCIADOS, COM INSTALAÇÃO, EM CONFORMIDADE COM AS ESPECIFICAÇÕES CONTIDAS NO TERMO DE REFERÊNCIA (0774060) E SEUS ANEXOS.;https://contratos.comprasnet.gov.br/storage/contrato/203418_00028_2023/40tSS8eeTcPc9aZs5b9yOC541YEcCjKILxgjxMXC.pdf
00028/2023;PLUGNET COMERCIO E REPRESENTACOES LTDA.;Garantia;Garantia;O OBJETO DO PRESENTE INSTRUMENTO É A AQUISIÇÃO DE SOLUÇÃO DE BACKUP EM DISCO COM CAPACIDADE MÍNIMA DE ARMAZENAMENTO NATIVO EM DISCO DE 50 TB (CINQUENTA TERABYTES) ÚTEIS PARA DADOS, INSTALADOS E LICENCIADOS, COM INSTALAÇÃO, EM CONFORMIDADE COM AS ESPECIFICAÇÕES CONTIDAS NO TERMO DE REFERÊNCIA (0774060) E SEUS ANEXOS.;https://contratos.comprasnet.gov.br/storage/contrato/203418_00028_2023/ETUrPtjS5mxd4711JNAqsm7GFWNBWirqN4lBdqH9.pdf
00024/2023;46.596.343 ANA PAULA GONCALVES;Contrato;Contrato;O OBJETO DO PRESENTE INSTRUMENTO É A AQUISIÇÃO DE MÓDULO 10GBASE-SR TRANSCEIVER 10GB – LC850NM 10GBASE - SR MARCA: CISCO FABRICANTE: CISCO MODELO: SFP-10G-SR-S, EM CONFORMIDADE COM AS ESPECIFICAÇÕES CONTIDAS NO TERMO DE REFERÊNCIA (0773919) E SEUS ANEXOS.;https://contratos.comprasnet.gov.br/storage/contrato/203470_00024_2023/xKRpuifrgppn5rhYwaJ0Et4mnvYjgbQ9OvwtBAHJ.pdf
00027/2023;MEGA COMERCIO ATACADISTA DE ROUPAS E ACESSORIOS PARA USO PROFISSIONAL LTDA;Contrato;Contrato;O OBJETO DO PRESENTE INSTRUMENTO É A AQUISIÇÃO DE MATERIAL DE CONSUMO DIVERSO, EM CONFORMIDADE COM AS ESPECIFICAÇÕES CONTIDAS NO TERMO DE REFERÊNCIA 117/2022 (0723609) E SEUS ANEXOS.;https://contratos.comprasnet.gov.br/storage/contrato/203497_00027_2023/c8PX9XdIlHzhd3Vc3KpRfSvm9UTU3aAOGeZ4Z8sT.pdf
00004/2023;MUNICIPIO DE UIRAMUTA;Contrato;Contrato;COMPARTILHAMENTO DE INFRAESTRUTURA, EQUIPAMENTOS DE TECNOLOGIA DA INFORMAÇÃO E COMUNICAÇÃO PERTENCENTES AO TRE/RR EM FAVOR DA PR/RR, AGU/RR, DPU/RR E OAB/RR, COMO MEDIDA DE PROMOÇÃO À COOPERAÇÃO JUDICIÁRIA PREVISTA NA RESOLUÇÃO/CNJ N.º 350/2020, PARA CONCRETIZAR A ATUAÇÃO MÚTUA DOS ACORDANTES NA UTILIZAÇÃO DE MECANISMOS CONTEMPORÂNEOS, DESBUROCRATIZADOS E ÁGEIS PARA A PRÁTICA DE ATOS CONJUNTOS E VOLTADOS À OBTENÇÃO DE RESULTADOS MAIS EFICIENTES.;https://contratos.comprasnet.gov.br/storage/contrato/204101_00004_2023/81lHpkWXX8P5eM1zLbk77BLkAjOHhkSkYMipGmuJ.pdf
2023NE000266;TLD TELEDATA COMERCIO E SERVICOS LTDA;Nota de Empenho;Nota de Empenho;SOLUÇÃO DE SEGURANÇA E GERÊNCIA DE REDES NGFW TIPO 2 FORTINET/ FORTIGATE-40F FG-40F FC- 10-0040F-247-02-36 3 LICENCIAMENTO E ATUALIZAÇÃO DE FUNCIONALIDADES PARA SOLUÇÃO DE SEGURANÇA E GERÊNCIA DE REDES NGFW TIPO 2.;https://contratos.comprasnet.gov.br/storage/contrato/204375_2023NE000266/uERRgLm6k5JcFaDq5YKm5B8EfipYtPrQhenSpLrB.pdf
2023NE000267;TLD TELEDATA COMERCIO E SERVICOS LTDA;Nota de Empenho;Nota de Empenho;SERVIÇOS PROFISSIONAIS DE IMPLANTAÇÃO E CONFIGURAÇÃO PARA SOLUÇÃO DE SEGURANÇA E GERÊNCIA DE REDES NGFW TIPO 2.;https://contratos.comprasnet.gov.br/storage/contrato/204380_2023NE000267/WHrPL4GpUSh0uSXQkf294rCo3dfDNshXiYNSnBEH.pdf
00031/2023;SERVI SAN VIGILANCIA E TRANSPORTE DE VALORES LTDA - EM RECUPERACAO JUDICIAL;Contrato;Contrato;O OBJETO DO PRESENTE INSTRUMENTO É A CONTRATAÇÃO DE EMPRESA ESPECIALIZADA EM SEGURANÇA PATRIMONIAL PARA EXECUÇÃO DE SERVIÇOS DE VIGILÂNCIA ARMADA, DIURNA, NOTURNA E VIDEOMONITORAMENTO, NA SEDE DO TRE/RR, E NOS CARTÓRIOS DA 1.ª E 5.ª ZONAS ELEITORAIS, EM CONFORMIDADE COM AS ESPECIFICAÇÕES CONTIDAS NO TERMO DE REFERÊNCIA 30/2023 (0778682).;https://contratos.comprasnet.gov.br/storage/contrato/205773_00031_2023/t7OuCoDuKgM3A2u0g6Wnkmnfkl8gEvQOZdUBOHjV.pdf
00031/2023;SERVI SAN VIGILANCIA E TRANSPORTE DE VALORES LTDA - EM RECUPERACAO JUDICIAL;Termo Aditivo;Termo Aditivo;O OBJETO DO PRESENTE INSTRUMENTO É A CONTRATAÇÃO DE EMPRESA ESPECIALIZADA EM SEGURANÇA PATRIMONIAL PARA EXECUÇÃO DE SERVIÇOS DE VIGILÂNCIA ARMADA, DIURNA, NOTURNA E VIDEOMONITORAMENTO, NA SEDE DO TRE/RR, E NOS CARTÓRIOS DA 1.ª E 5.ª ZONAS ELEITORAIS, EM CONFORMIDADE COM AS ESPECIFICAÇÕES CONTIDAS NO TERMO DE REFERÊNCIA 30/2023 (0778682).;https://contratos.comprasnet.gov.br/storage/contrato/205773_00031_2023/0kzWbjhQ5VOXEDg4YVkh5nONH6VKeEINFQbiCFYI.pdf
00031/2023;SERVI SAN VIGILANCIA E TRANSPORTE DE VALORES LTDA - EM RECUPERACAO JUDICIAL;Garantia;Garantia;O OBJETO DO PRESENTE INSTRUMENTO É A CONTRATAÇÃO DE EMPRESA ESPECIALIZADA EM SEGURANÇA PATRIMONIAL PARA EXECUÇÃO DE SERVIÇOS DE VIGILÂNCIA ARMADA, DIURNA, NOTURNA E VIDEOMONITORAMENTO, NA SEDE DO TRE/RR, E NOS CARTÓRIOS DA 1.ª E 5.ª ZONAS ELEITORAIS, EM CONFORMIDADE COM AS ESPECIFICAÇÕES CONTIDAS NO TERMO DE REFERÊNCIA 30/2023 (0778682).;https://contratos.comprasnet.gov.br/storage/contrato/205773_00031_2023/X2qR6Nx3WlWoW1UAo4glV87MN7NXQ9NI5g1rWnJJ.pdf
00031/2023;SERVI SAN VIGILANCIA E TRANSPORTE DE VALORES LTDA - EM RECUPERACAO JUDICIAL;Termo Aditivo;Termo Aditivo;O OBJETO DO PRESENTE INSTRUMENTO É A CONTRATAÇÃO DE EMPRESA ESPECIALIZADA EM SEGURANÇA PATRIMONIAL PARA EXECUÇÃO DE SERVIÇOS DE VIGILÂNCIA ARMADA, DIURNA, NOTURNA E VIDEOMONITORAMENTO, NA SEDE DO TRE/RR, E NOS CARTÓRIOS DA 1.ª E 5.ª ZONAS ELEITORAIS, EM CONFORMIDADE COM AS ESPECIFICAÇÕES CONTIDAS NO TERMO DE REFERÊNCIA 30/2023 (0778682).;https://contratos.comprasnet.gov.br/storage/contrato/205773_00031_2023/59ptUiNg4Yygv4QGJcTOrJf6iFrZJkLym6f9cn12.pdf
00015/2023;SILMAQUINAS E EQUIPAMENTOS LTDA;Contrato;Contrato;O OBJETO DESTE INSTRUMENTO CONSISTE NA AQUISIÇÃO DE MOTOR DIESEL ESTACIONÁRIO, EM CONFORMIDADE COM AS CONDIÇÕES E ESPECIFICAÇÕES ESTABELECIDA NO TERMO DE REFERÊNCIA.;https://contratos.comprasnet.gov.br/storage/contrato/207649_00015_2023/kcAGCg9yANINh7QQBVDNtOF9RRQoHh7K9OLmUwMK.pdf
00016/2023;GLEICE DE SOUZA SILVA;Contrato;Contrato;O OBJETO DESTE INSTRUMENTO CONSISTE NA CONTRATAÇÃO DE EMPRESA PARA CAPACITAR SERVIDORES QUE TRABALHAM NA ÁREA DE CONTRATAÇÕES DA INSTITUIÇÃO, EXECUÇÃO FINANCEIRA E ORÇAMENTÁRIA, FISCALIZAÇÃO DE CONTRATOS, ADMINISTRATIVAS E DE GESTÃO, NA NOVA VERSÃO DO COMPRAS CONTRATOS – GESTÃO DE CONTRATOS, COM BASE NA LEI 14.133/202, EM CONFORMIDADE COM AS CONDIÇÕES E ESPECIFICAÇÕES ESTABELECIDA NO TERMO DE REFERÊNCIA.;https://contratos.comprasnet.gov.br/storage/contrato/207687_00016_2023/34EUV5zD1ah9AXGIYQbVqqaukIsDFXvTJ6Ddgh2g.pdf
00013/2023;RH CURSOS E TREINAMENTO EMPRESARIAL LTDA;Contrato;Contrato;"O OBJETO DESTE INSTRUMENTO CONSISTE NA CONTRATAÇÃO DE CURSO, PRESENCIAL INTITULADO ""ESOCIAL PARA ÓRGÃOS PÚBLICOS: IMPLANTAÇÃO PASSO A PASSO, COM ÊNFASE NA IMPLANTAÇÃO DA 4 ª FASE – EVENTOS SST"", COM BASE NA LEI 14.133/2021"", EM CONFORMIDADE COM AS CONDIÇÕES E ESPECIFICAÇÕES ESTABELECIDA NO TERMO DE REFERÊNCIA.";https://contratos.comprasnet.gov.br/storage/contrato/207920_00013_2023/2iulzjonSv2GUkFS2tT8DXiDewp1sw51FA3y3Oie.pdf
00034/2023;PAR CONSULT INFORMATICA LTDA - EPP;Contrato;Contrato;O OBJETO DO PRESENTE INSTRUMENTO É A CONTRATAÇÃO DE CURSO ON-LINE, TEÓRICO E PRÁTICO DE GESTÃO POR PROCESSOS, QUE OCORRERÁ POR MEIO DO ACOMPANHAMENTO DA MODELAGEM DOS PROCESSOS CARTORÁRIOS E ADMINISTRATIVOS DO TRE-RR, NAS CONDIÇÕES ESTABELECIDAS NO TERMO DE REFERÊNCIA.;https://contratos.comprasnet.gov.br/storage/contrato/208564_00034_2023/CbWMAEitYQf143d7Ni7ho1g0r56FTH5J5ohxYXqt.pdf
00032/2023;ELETROMOVEIS POPULAR LTDA;Contrato;Contrato;O OBJETO DO PRESENTE INSTRUMENTO É A AQUISIÇÃO ESCADA ARTICULADA (ARTICULADA TELESCÓPICA DE AÇO 1,56 X 5,00M), MATERIAL: EM AÇO CARBONO, EM CONFORMIDADE COM AS ESPECIFICAÇÕES CONTIDAS NO TERMO DE REFERÊNCIA 136 (0737702) E SEUS ANEXOS.;https://contratos.comprasnet.gov.br/storage/contrato/208657_00032_2023/PyOugESI7oCicCbjZXaA6hTOB8hjcGVpwkzUnTM3.pdf
00033/2023;SAT COMERCIO E SERVICOS LTDA;Contrato;Contrato;O OBJETO DO PRESENTE INSTRUMENTO É A AQUISIÇÃO DE MATERIAIS DE CONSUMO DIVERSOS, EM CONFORMIDADE COM AS ESPECIFICAÇÕES CONTIDAS NO TERMO DE REFERÊNCIA N.º 91/2022 (0714651) E SEUS ANEXOS. AVENTAL DE RASPA PARA USO EM SERVIÇO DE SOLDA ELÉTRICA E MÁSCARA DE SOLDA AUTO ESCURECIMENTO COM REGULAGEM DE 0 A 15 DIN, COMPLETA.;https://contratos.comprasnet.gov.br/storage/contrato/208664_00033_2023/BHlGJs0UMAbPYUqly00BjBv7Hb4XYuOCYFYWUKd9.pdf
00006/2023;MUNICIPIO DE UIRAMUTA;Contrato;Acordo de Cooperação Técnica;CONJUGAÇÃO DE ESFORÇOS ENTRE OS PARTÍCIPES COM VISTA À IMPLEMENTAÇÃO DO PROGRAMA POSTOS DE ATENDIMENTO DA JUSTIÇA ELEITORAL - PAJE, COM OBJETIVO DE ATENDER AOS(ÀS) ELEITORES(AS) NA GARANTIA DO EXERCÍCIO DA CIDADANIA, MEDIANTE A EMISSÃO E REGULARIZAÇÃO DE TÍTULOS ELEITORAIS.;https://contratos.comprasnet.gov.br/storage/contrato/209543_00006_2023/NFVOGXznlbOpcuALu24rU82QMSnMaeypf8zYuFvL.pdf
00018/2023;3MRN SEGURANCA CIBERNETICA EIRELI;Contrato;Carta-Contrato;PARTICIPAÇÃO EM EVENTO PRESENCIAL DE SEGURANÇA CIBERNÉTICA, CYBER SECURITY SUMMIT 2023;https://contratos.comprasnet.gov.br/storage/contrato/209774_00018_2023/zaLW6UDhhTaxwjWVLPNAqEbNWRR3dm699LIBraDe.pdf
00007/2023;MUNICIPIO DE AMAJARI;Contrato;Contrato;O PRESENTE TERMO DE COOPERAÇÃO TEM POR OBJETO A CONJUGAÇÃO DE ESFORÇOS ENTRE OS PARTÍCIPES COM VISTA À IMPLEMENTAÇÃO DO PROGRAMA POSTOS DE ATENDIMENTO DA JUSTIÇA ELEITORAL - PAJE, COM OBJETIVO DE ATENDER AOS(ÀS) ELEITORES(AS) NA GARANTIA DO EXERCÍCIO DA CIDADANIA, MEDIANTE A EMISSÃO E REGULARIZAÇÃO DE TÍTULOS ELEITORAIS.;https://contratos.comprasnet.gov.br/storage/contrato/210500_00007_2023/XUznO8Rv32VUg2ptXlNahR7lcX0ISko6dS3rh4Wf.pdf
00036/2023;J L C DE MELO;Contrato;Contrato;O OBJETO DO PRESENTE INSTRUMENTO É CONTRATAÇÃO DE EMPRESA PARA FORNECIMENTO CONTÍNUO DE GÊNEROS ALIMENTÍCIOS (CAFÉ), COM A FINALIDADE DE ATENDER DEMANDAS DA SEDE DO TRIBUNAL REGIONAL ELEITORAL DE RORAIMA E CARTÓRIOS ELEITORAIS, NAS CONDIÇÕES ESTABELECIDAS NO TERMO DE REFERÊNCIA.;https://contratos.comprasnet.gov.br/storage/contrato/210538_00036_2023/PliHcgirUtr0Hhuk6T63AZaJiAGUgK2pLxhS06Z7.pdf
00035/2023;EXTREMO NORTE SERVICOS DE LIMPEZA LTDA;Contrato;Contrato 35;"CONTRATAÇÃO DE SERVIÇOS CONTÍNUOS DE APOIO ADMINISTRATIVO NA ÁREA DE CONDUÇÃO DE VEÍCULOS - ""MOTORISTAS"" PARA O TRANSPORTE DE AUTORIDADES, SERVIDORES E DEMAIS FUNCIONÁRIOS A SERVIÇO DO TRE/RR, BEM COMO O TRANSPORTE DE EQUIPAMENTOS, MATERIAIS E DOCUMENTOS, A SEREM EXECUTADOS COM REGIME DE DEDICAÇÃO EXCLUSIVA DE MÃO DE OBRA, NAS CONDIÇÕES ESTABELECIDAS NO PRESENTE CONTRATO E NO TERMO DE REFERÊNCIA.";https://contratos.comprasnet.gov.br/storage/contrato/210747_00035_2023/fdIyPkhrcl3MRTOKnNVJ3Ms8knbCG4RrY7iPvG71.pdf
00035/2023;EXTREMO NORTE SERVICOS DE LIMPEZA LTDA;Termo Aditivo;Termo Aditivo 1º;"CONTRATAÇÃO DE SERVIÇOS CONTÍNUOS DE APOIO ADMINISTRATIVO NA ÁREA DE CONDUÇÃO DE VEÍCULOS - ""MOTORISTAS"" PARA O TRANSPORTE DE AUTORIDADES, SERVIDORES E DEMAIS FUNCIONÁRIOS A SERVIÇO DO TRE/RR, BEM COMO O TRANSPORTE DE EQUIPAMENTOS, MATERIAIS E DOCUMENTOS, A SEREM EXECUTADOS COM REGIME DE DEDICAÇÃO EXCLUSIVA DE MÃO DE OBRA, NAS CONDIÇÕES ESTABELECIDAS NO PRESENTE CONTRATO E NO TERMO DE REFERÊNCIA.";https://contratos.comprasnet.gov.br/storage/contrato/210747_00035_2023/ZhyL0Y0Y2K1nHLdGb67VPTrtoCEZPZsgLZ5yvEWb.pdf
00019/2023;REDE NACIONAL DE ENSINO E PESQUISA - RNP;Contrato;Contrato;O OBJETO DESTA INEXIGIBILIDADE DE LICITAÇÃO VISA A CAPACITAÇÃO DE SERVIDORES DA SECRETARIA DE TECNOLOGIA DA INFORMAÇÃO NO NO CURSO DE ORQUESTRAÇÃO DE CONTAINERS COM KUBERNETES EAD (ADS19), QUE TEM O OBJETIVO PREPARAR O SERVIDOR PARA REALIZAR O DESIGN E IMPLEMENTAÇÃO DE APLICAÇÕES BASEADAS EM CONTAINER EM UM CLUSTER KUBERNETES, TRABALHANDO DESDE OS ASPECTOS MAIS BÁSICOS AOS MAIS AVANÇADOS NA OPERAÇÃO DO CLUSTER VIA LINHA DE COMANDO (CLI), CONFORME CONDIÇÕES, QUANTIDADES E EXIGÊNCIAS ESTABELECIDAS NO TERMO DE REFERÊNCIA (0804973).;https://contratos.comprasnet.gov.br/storage/contrato/211259_00019_2023/WZkwAIQmetzy7WaCQ4p5mbMERgUjwrcFbg3ExwYi.pdf
00017/2023;REDE NACIONAL DE ENSINO E PESQUISA - RNP;Contrato;Carta-Contrato;CONTRATAÇÃO DE EMPRESA PARA CAPACITAÇÃO DE SERVIDORES DA SECRETARIA DE TECNOLOGIA DA INFORMAÇÃO NO CURSO DE HARDENING EM LINUX (SEG10), QUE TEM O OBJETIVO AUXILIAR ADMINISTRADORES LINUX INTERESSADOS EM PROTEGER SUAS REDES, MITIGAR RISCOS E EXECUTAR ATIVIDADES CORRETIVAS PREPARANDO SUA INFRAESTRUTURA DE SERVIDORES LINUX PARA RESISTIR A DETERMINADAS TENTATIVAS DE ATAQUES OU VIOLAÇÃO NA SEGURANÇA DE INFORMAÇÃO;https://contratos.comprasnet.gov.br/storage/contrato/211637_00017_2023/RN8GquJyCDd2m1KhznG08Ne6OF2tvz6BfJTctGmH.pdf
00037/2023;CENTRO DE INTEGRACAO EMPRESA ESCOLA CIE E;Contrato;Contrato n.º 37;CONTRATAÇÃO DE AGENTE DE INTEGRAÇÃO DE ESTÁGIO, PESSOA JURÍDICA ESPECIALIZADA NA PRESTAÇÃO DE SERVIÇOS DE RECRUTAMENTO, SELEÇÃO E ACOMPANHAMENTO DE ESTUDANTES PARA ATUAREM COMO ESTAGIÁRIOS NO ÂMBITO DO TRIBUNAL REGIONAL ELEITORAL DE RORAIMA, COM ATUAÇÃO NA SEDE DO TRE-RR E NOS CARTÓRIOS ELEITORAIS.;https://contratos.comprasnet.gov.br/storage/contrato/212208_00037_2023/eRykiNyxwYFygv7cdajIWkaefybEk8koN57xe7Yq.pdf
00039/2023;L N CASTAGNARO  LTDA;Contrato;Contrato n.º 39/2023;O OBJETO DO PRESENTE INSTRUMENTO É A AQUISIÇÃO DE COMPUTADORES, NAS CONDIÇÕES ESTABELECIDAS NO TERMO DE REFERÊNCIA.;https://contratos.comprasnet.gov.br/storage/contrato/212754_00039_2023/rZnjRlN9uJE5q1LXhs98xTPIpEkgrYsu7caxnmwD.pdf
00040/2023;J. A. DE A. P. BONFIM LTDA;Contrato;Contrato nº 40/2023;CONTRATAÇÃO DE EMPRESA PARA FORNECIMENTO CONTÍNUO DE GÊNEROS ALIMENTÍCIOS (ADOÇANTE E CHÁ), COM A FINALIDADE DE ATENDER DEMANDAS DA SEDE DO TRIBUNAL REGIONAL ELEITORAL DE RORAIMA E CARTÓRIOS ELEITORAIS.;https://contratos.comprasnet.gov.br/storage/contrato/213458_00040_2023/IMyx0iiP8aQ6EdSYE6fx27vOqPP9FKFCxHhJlX2n.pdf
00042/2023;POSITIVO TECNOLOGIA S.A.;Contrato;Contrato n.º 42/2023;"COMPUTADOR MINI DESKTOP COM 16GB RAM E SSD 512GB COM MONITOR DE 23,8"" E DEMAIS ESPECIFICAÇÕES CONTIDAS NO TERMO DE REFERÊNCIA (0796439) E NA PROPOSTA (0806046).";https://contratos.comprasnet.gov.br/storage/contrato/214717_00042_2023/FJuCdCeHsjgtPCqbgH9Mj1WQ3968o0jnQs1OeefA.pdf
00042/2023;POSITIVO TECNOLOGIA S.A.;Termo Aditivo;Termo Aditivo 1º;"COMPUTADOR MINI DESKTOP COM 16GB RAM E SSD 512GB COM MONITOR DE 23,8"" E DEMAIS ESPECIFICAÇÕES CONTIDAS NO TERMO DE REFERÊNCIA (0796439) E NA PROPOSTA (0806046).";https://contratos.comprasnet.gov.br/storage/contrato/214717_00042_2023/b3S8zPHKBp78ekk6YiGznUPpy5SThkOXN82eAxTf.pdf
00042/2023;POSITIVO TECNOLOGIA S.A.;Garantia;Garantia;"COMPUTADOR MINI DESKTOP COM 16GB RAM E SSD 512GB COM MONITOR DE 23,8"" E DEMAIS ESPECIFICAÇÕES CONTIDAS NO TERMO DE REFERÊNCIA (0796439) E NA PROPOSTA (0806046).";https://contratos.comprasnet.gov.br/storage/contrato/214717_00042_2023/iXPKrSOR4ZRnO1PQMzuGfuhOXjKzK7u8iZhtWerU.pdf
00043/2023;EMBRASG - EMPRESA BRASILEIRA DE SERVICOS GERAIS LTDA;Contrato;Contrato n.º 43;CONTRATAÇÃO DE SERVIÇOS CONTÍNUOS DE ELETRICISTA, A SEREM EXECUTADOS COM REGIME DE DEDICAÇÃO EXCLUSIVA DE MÃO DE OBRA;https://contratos.comprasnet.gov.br/storage/contrato/214996_00043_2023/gCqBBjJUdiiNkvcnacJ6zov9hfv9arP0PW5GN8OI.pdf
00043/2023;EMBRASG - EMPRESA BRASILEIRA DE SERVICOS GERAIS LTDA;Garantia;Garantia;CONTRATAÇÃO DE SERVIÇOS CONTÍNUOS DE ELETRICISTA, A SEREM EXECUTADOS COM REGIME DE DEDICAÇÃO EXCLUSIVA DE MÃO DE OBRA;https://contratos.comprasnet.gov.br/storage/contrato/214996_00043_2023/5FKz901mGa4uCtPRw3UqJGbuEREq1GQjmrke2aNX.pdf
00045/2023;C B DE OLIVEIRA;Contrato;Contrato;O OBJETO DO PRESENTE INSTRUMENTO É A CONTRATAÇÃO DE SERVIÇOS DE AGENCIAMENTO DE VIAGENS, COMPREENDENDO OS SERVIÇOS DE EMISSÃO, REMARCAÇÃO E CANCELAMENTO DE PASSAGENS AÉREAS NACIONAIS E INTERNACIONAIS E DE EMISSÃO DE SEGURO DE ASSISTÊNCIA EM VIAGEM INTERNACIONAL NAS CONDIÇÕES ESTABELECIDAS NO TERMO DE REFERÊNCIA.;https://contratos.comprasnet.gov.br/storage/contrato/216510_00045_2023/6uR3mmuHRlr5oMKw4nXaEiy9xCB5QXdaLJskhi35.pdf
00041/2023;TELTEC SOLUTIONS LTDA;Contrato;00041/2023;CONTRATAÇÃO DE EMPRESA ESPECIALIZADA PARA PRESTAÇÃO DE SERVIÇO VISANDO A IMPLEMENTAÇÃO DE UMA PLATAFORMA DE SERVIÇOS EM NUVEM;https://contratos.comprasnet.gov.br/storage/contrato/218363_00041_2023/iaf76DXAENNO6P1Dnchp7yVH359xjyGmmd7viy6L.pdf
00041/2023;TELTEC SOLUTIONS LTDA;Garantia;Garantia;CONTRATAÇÃO DE EMPRESA ESPECIALIZADA PARA PRESTAÇÃO DE SERVIÇO VISANDO A IMPLEMENTAÇÃO DE UMA PLATAFORMA DE SERVIÇOS EM NUVEM;https://contratos.comprasnet.gov.br/storage/contrato/218363_00041_2023/akpofLuD2wPLDYjMLiQ1TrmqsWmwd2LTXO2TeMOJ.pdf
00021/2023;OMNIA CONHECIMENTO E TECNOLOGIA LTDA;Contrato;Carta-Contrato  n.º 21/2023;CURSO TELEPRESENCIAL SOBRE FINANCIAMENTO DE CAMPANHA E PRESTAÇÃO DE CONTAS.;https://contratos.comprasnet.gov.br/storage/contrato/218805_00021_2023/tJ6ngWhUS8PMGR5AKvFRZ5jbL98evU25gO5UWAyu.pdf
00009/2023;MUNICIPIO DE NORMANDIA;Contrato;Acordo de Cooperação Técnica n.º 9/2023;CONJUGAÇÃO DE ESFORÇOS ENTRE OS PARTÍCIPES COM VISTA À IMPLEMENTAÇÃO DO PROGRAMA POSTOS DE ATENDIMENTO DA JUSTIÇA ELEITORAL - PAJE, COM OBJETIVO DE ATENDER AOS(ÀS) ELEITORES(AS) NA GARANTIA DO EXERCÍCIO DA CIDADANIA, MEDIANTE A EMISSÃO E REGULARIZAÇÃO DE TÍTULOS ELEITORAIS.;https://contratos.comprasnet.gov.br/storage/contrato/219479_00009_2023/9P1ftItohguFaQTjLvZiLeZP1T4WHn9HwnWDx3uH.pdf
00023/2023;FARNET INFORMATICA LTDA;Contrato;Carta-Contrato n.º 23/2023;"TREINAMENTO PARA A PLATAFORMA DE BANCO DE DADOS DA ORACLE: ""ADVANCED SECURITY E DATA MASKING""";https://contratos.comprasnet.gov.br/storage/contrato/220391_00023_2023/1A8Ivah3ZzXJf5zGmDriTUgsfNyyqmfRhrCaLIFU.pdf
00024/2023;GREEN TREINAMENTO LTDA;Contrato;Contrato;"O OBJETO DESTE INSTRUMENTO CONSISTE NA CONTRATAÇÃO DE EMPRESA PARA CAPACITAÇÃO DE SERVIDORES DESTE TRIBUNAL, POR MEIO DOS CURSOS ""EXCEL ESSENCIAL"", ""EXCEL AVANÇADO"" E ""POWER BI DESKTOP ESSENCIAL"", EM CONFORMIDADE COM AS CONDIÇÕES E ESPECIFICAÇÕES ESTABELECIDA NO TERMO DE REFERÊNCIA.";https://contratos.comprasnet.gov.br/storage/contrato/220415_00024_2023/EZUZ4RBGbJx4KrjuMC7doGY7sGqdwMcCMsOrK72t.pdf
00050/2023;MARLIN AUTOS LTDA;Contrato;Contrato n.º 50/2023;CONTRATAÇÃO DE PESSOA JURÍDICA PARA PRESTAÇÃO DOS SERVIÇOS DE MANUTENÇÃO AUTOMOTIVA DURANTE O PERÍODO DA GARANTIA DOS VEÍCULOS ADQUIRIDOS NOS CONTRATOS 23/2021 (0655888) E 2/2022 (0667260);https://contratos.comprasnet.gov.br/storage/contrato/220647_00050_2023/THdY5eLVoYwCOkVNBGtI8qS9EUUyDTYcwZUdaFYl.pdf
00051/2023;VERTENTE EMPREENDIMENTO LTDA;Contrato;Contrato;SERVIÇOS DE CONSTRUÇÃO E INSTALAÇÃO DE SUBESTAÇÃO ABRIGADA DE 300 KVA (PARTE CIVIL E ELÉTRICA).;https://contratos.comprasnet.gov.br/storage/contrato/220880_00051_2023/2PdhK4hjVpUzYQIs0GVisSXZsSYcYRJ0JN5re9cC.pdf
00051/2023;VERTENTE EMPREENDIMENTO LTDA;Garantia;Garantia;SERVIÇOS DE CONSTRUÇÃO E INSTALAÇÃO DE SUBESTAÇÃO ABRIGADA DE 300 KVA (PARTE CIVIL E ELÉTRICA).;https://contratos.comprasnet.gov.br/storage/contrato/220880_00051_2023/X7fDgSFNRqtfk79NtocGcMzmvNRLJxKfaL4qcR8S.pdf
00051/2023;VERTENTE EMPREENDIMENTO LTDA;Termo Aditivo;Termo Aditivo;SERVIÇOS DE CONSTRUÇÃO E INSTALAÇÃO DE SUBESTAÇÃO ABRIGADA DE 300 KVA (PARTE CIVIL E ELÉTRICA).;https://contratos.comprasnet.gov.br/storage/contrato/220880_00051_2023/AeOByNppU36fJCchylLlh3Wc7Wt5FZyqPw5F1CUj.pdf
00049/2023;VR CONSULTORIA LTDA;Garantia;Garantia;CONTRATAÇÃO DE SERVIÇO CONTINUADO DE MANUTENÇÃO CORRETIVA, INSTALAÇÕES, DESINSTALAÇÕES E REMANEJAMENTOS DE PONTOS DE LÓGICA, PRESTADO POR EMPRESA ESPECIALIZADA EM INFRAESTRUTURA DE REDE.;https://contratos.comprasnet.gov.br/storage/contrato/220991_00049_2023/BBDsrS0NAtXzsTYWyllbNMjT8bniHAvLfU4TIkgN.pdf
00022/2023;NA;Contrato;Carta-Contrato n.º 22/2023;CURSO TELEPRESENCIAL SOBRE ORGANIZAÇÃO ADMINISTRATIVA E FINANCEIRA DA CAMPANHA E CONTABILIDADE ELEITORAL;https://contratos.comprasnet.gov.br/storage/contrato/221546_00022_2023/MGbiSKwuHvEID2HGDn7oDk4wsHLX0Z7ydntEtUra.pdf
00053/2023;MARILENE M. CABRAL LTDA;Garantia;Garantia;O OBJETO DO PRESENTE INSTRUMENTO É A CONTRATAÇÃO DE SERVIÇOS DE MANUTENÇÃO PREVENTIVA E CORRETIVA ANUAL E PERMANENTE, COM FORNECIMENTO DE MATERIAIS E PEÇAS DE REPOSIÇÃO PARA AS CENTRAIS DE AR CONDICIONADO E BEBEDOUROS INDUSTRIAIS EXISTENTES NOS PRÉDIOS DA JUSTIÇA ELEITORAL NO ESTADO DE RORAIMA, NAS CONDIÇÕES ESTABELECIDAS NO TERMO DE REFERÊNCIA.;https://contratos.comprasnet.gov.br/storage/contrato/221650_00053_2023/Zih1xkp6aUTs0Goc8veymUorq52jeWd5eOEb1Wra.pdf
00052/2023;NA;Contrato;Contrato n.º 52/2023;CURSO TELEPRESENCIAL SOBRE NOÇÕES DE DIREITO ELEITORAL;https://contratos.comprasnet.gov.br/storage/contrato/221883_00052_2023/K6ZaEKqOzLjtltt8Cq8MESZucTCbsJ5ZKSGVaYQK.pdf
00001/2023;TRIBUNAL DE JUSTICA DO ESTADO DE RORAIMA;Contrato;Termo de Cessão de Uso n.º 1/2023;CESSÃO DE USO DE VEÍCULOS AUTOMOTORES (ÔNIBUS);https://contratos.comprasnet.gov.br/storage/contrato/221908_00001_2023/ak07Iwgkldn0AL4gMwIjy4uw7rPVsntnGNU1YFRA.pdf
00010/2023;TRIBUNAL DE JUSTICA DO ESTADO DE RORAIMA;Contrato;Acordo de Cooperação n.º 10/2023;CONJUGAÇÃO DE ESFORÇOS ENTRE OS PARTÍCIPES COM VISTA À IMPLEMENTAÇÃO DO PROGRAMA POSTOS DE ATENDIMENTO DA JUSTIÇA ELEITORAL - PAJE, COM OBJETIVO DE ATENDER AOS(ÀS) ELEITORES(AS) NA GARANTIA DO EXERCÍCIO DA CIDADANIA, MEDIANTE A EMISSÃO E REGULARIZAÇÃO DE TÍTULOS ELEITORAIS.;https://contratos.comprasnet.gov.br/storage/contrato/223003_00010_2023/EWwo4OmscUaYVrxELaphbF9rYZaH6sOrEsfQgeby.pdf
2023NE000353;ATHENAS AUTOMACAO LTDA;Nota de Empenho;Nota de Empenho;PARA ATENDER DESPESA COM A AQUISIÇÃO MATERIAL PERMANENTE (EQUIP. DE TIC - NOTEBOOKS), CONFORME DESPACHO N. 18518 (0823460), PROCESSO SEI N. 0002252-81.2023 - TRE-RR.;https://contratos.comprasnet.gov.br/storage/contrato/227780_2023NE000353/8s8M2O5qA1yjwcNVIqd9B1bTXqWktUJFuLRPWXx3.pdf
00066/2023;BOSS TRIGGER TACTICAL TREINAMENTOS EM SEGURANCA LTDA;Contrato;Contrato;O OBJETO DO PRESENTE INSTRUMENTO É A CONTRATAÇÃO DE PROGRAMA DE RECICLAGEM ANUAL PARA A ATIVIDADE DE SEGURANÇA, NAS CONDIÇÕES ESTABELECIDAS NO TERMO DE REFERÊNCIA.;https://contratos.comprasnet.gov.br/storage/contrato/233592_00066_2023/JJe4HDgnKg74vGG0Nshbg8XT3dPd4tjcAsxrYe3Z.pdf
00064/2023;AOVS SISTEMAS DE INFORMATICA S.A.;Contrato;Contrato;"O OBJETO DO PRESENTE INSTRUMENTO É A CONTRATAÇÃO DOS SERVIÇOS DA PLATAFORMA ""ALURA PARA EMPRESA"" PARA A CAPACITAÇÃO E TREINAMENTO DOS SERVIDORES DA SECRETARIA DA TECNOLOGIA DA INFORMAÇÃO E COMUNICAÇÃO DO TRE-RR, NAS CONDIÇÕES ESTABELECIDAS NO TERMO DE REFERÊNCIA.";https://contratos.comprasnet.gov.br/storage/contrato/233693_00064_2023/R5I4jV2FG8kuGrw34Tq43Rt5rUX0VHLswCojP5zh.pdf
00068/2023;INSTITUTO NEGOCIOS PUBLICOS DO BRASIL - ESTUDOS E PESQUISAS NA ADMNIISTRACAO PUB;Contrato;Contrato;O OBJETO DO PRESENTE INSTRUMENTO É A CONTRATAÇÃO DO CURSO IMERSÃO PRÁTICA NA LEI 14.133/21: CONSTRUINDO REGULAMENTOS EFICIENTES PARA LICITAÇÕES NA PRÁTICA, NAS CONDIÇÕES ESTABELECIDAS NO TERMO DE REFERÊNCIA.;https://contratos.comprasnet.gov.br/storage/contrato/236035_00068_2023/ZkkL3XTevL0C33f84cA4PrhyogfkB79oyq2U71XB.pdf
00069/2023;MN ENGENHARIA LTDA;Contrato;Contrato;O OBJETO DO PRESENTE INSTRUMENTO É A CONTRATAÇÃO EMPRESA ESPECIALIZADA NO RAMO DE ENGENHARIA PARA PRESTAÇÃO DOS SERVIÇOS DE REVITALIZAÇÃO DO PRÉDIO DO CARTÓRIO ELEITORAL DA 2.ª ZONA ELEITORAL DE RORAIMA, NAS CONDIÇÕES ESTABELECIDAS NO TERMO DE REFERÊNCIA.;https://contratos.comprasnet.gov.br/storage/contrato/236210_00069_2023/RWpoEDJuWKr3sXXnghrvdu8QOHXH1nqhvz788JBr.pdf
00070/2023;NA;Contrato;Contrato;CONTRATAÇÃO DE SERVIÇOS DE LIMPEZA DO TERRENO PERTENCENTE AO TRIBUNAL REGIONAL ELEITORAL DE RORAIMA – TRE/RR, LOCALIZADO NA AVENIDA VILLE ROY, S/N, BAIRRO CAÇARI.;https://contratos.comprasnet.gov.br/storage/contrato/238071_00070_2023/Pp2YnTCwW57kOPC2QNTdtTHqS9RXUGvxYVZ8WgQF.pdf
00070/2023;NA;Termo Apostilamento;Apostila a Notasa de Empenho n.º 2024NE000097 (0841118) após ter sido reservada dotação orçamentária para a execução do contrato epigrafado no exercício de 2024;CONTRATAÇÃO DE SERVIÇOS DE LIMPEZA DO TERRENO PERTENCENTE AO TRIBUNAL REGIONAL ELEITORAL DE RORAIMA – TRE/RR, LOCALIZADO NA AVENIDA VILLE ROY, S/N, BAIRRO CAÇARI.;https://contratos.comprasnet.gov.br/storage/contrato/238071_00070_2023/J0VCP6FwlT6S8rl6Lf4LyYzOXpOFf4vlBF4w8Ky7.pdf
00072/2023;INFOSEC TECNOLOGIA DA INFORMACAO LTDA;Garantia;Garantia;O PRESENTE CONTRATO TEM POR OBJETO O FORNECIMENTO DE SOLUÇÃO DE AUDITORIA, PROTEÇÃO DE DADOS, DETECÇÃO E RESPOSTA A AMEAÇAS A DADOS NÃO ESTRUTURADOS E METADADOS, ANÁLISE DE DADOS EM REPOSITÓRIOS CORPORATIVOS INTERNOS (ON PREMISES) OU NA NUVEM EM PLATAFORMAS DE COLABORAÇÃO, INCLUINDO INSTALAÇÃO, CONFIGURAÇÃO E OPERACIONALIZAÇÃO, ALÉM DE SUPORTE TÉCNICO E SERVIÇO DE APOIO OPERACIONAL PELO PERÍODO DE 24 MESES, E TREINAMENTO, NAS CONDIÇÕES ESTABELECIDAS NO TERMO DE REFERÊNCIA.;https://contratos.comprasnet.gov.br/storage/contrato/239924_00072_2023/2xcGZUur8pBHYneQ0FLNlO9T4zOljrYwJFMMkjdX.pdf
00078/2023;AKIYAMA S.A. - INDUSTRIA E COMERCIO DE EQUIPAMENTOS EL;Contrato;Contrato;O PRESENTE CONTRATO TEM POR OBJETO A AQUISIÇÃO DE EQUIPAMENTOS PARA COLETA DE INFORMAÇÕES BIOMÉTRICAS, COM ASSISTÊNCIA E SUPORTE TÉCNICO, PELO PERÍODO DE 12 (DOZE) MESES, CONFORME ESPECIFICAÇÕES, EXIGÊNCIAS E PRAZOS CONSTANTES DO TERMO DE REFERÊNCIA - ANEXO I DO EDITAL DA LICITAÇÃO E PROPOSTA DA CONTRATADA, QUE PASSAM A FAZER PARTE DESTE INSTRUMENTO, INDEPENDENTEMENTE DE TRANSCRIÇÃO, NO QUE NÃO CONFLITAR COM AS DISPOSIÇÕES DO EDITAL DA LICITAÇÃO E DESTE INSTRUMENTO.;https://contratos.comprasnet.gov.br/storage/contrato/240049_00078_2023/sphs7tsEIwVIKggFxfxkKy8GdyVmhMaOOGGWqOVH.pdf
00087/2023;B R DA SILVA BONATES COMERCIO E SERVICO DE ADMINISTRACAO DE OBRAS LTDA;Contrato;Contrato;O OBJETO DO PRESENTE INSTRUMENTO É A CONTRATAÇÃO DE AQUISIÇÃO DE MATERIAIS/BENS DE CONSUMO (HIDRÁULICOS) COM A FINALIDADE DE ATENDER DEMANDAS DA SEDE DO TRIBUNAL REGIONAL ELEITORAL DE RORAIMA E CARTÓRIOS ELEITORAIS, NAS CONDIÇÕES ESTABELECIDAS NO TERMO DE REFERÊNCIA (ITENS 1 A 27).;https://contratos.comprasnet.gov.br/storage/contrato/240443_00087_2023/v8cgCct1SzhkT1wf4MTciIGfAa5z7OzUTogqN4Zo.pdf
00088/2023;MOREIRAMAQ EMPREENDIMENTO LTDA;Contrato;Contrato;O OBJETO DO PRESENTE INSTRUMENTO É A CONTRATAÇÃO DE AQUISIÇÃO DE MATERIAIS/BENS DE CONSUMO (HIDRÁULICOS) COM A FINALIDADE DE ATENDER DEMANDAS DA SEDE DO TRIBUNAL REGIONAL ELEITORAL DE RORAIMA E CARTÓRIOS ELEITORAIS (ITEM 30 - TANQUE DE GRANITO);https://contratos.comprasnet.gov.br/storage/contrato/240445_00088_2023/WhmBtJ8LCjB3zWeS4h8m7CKFlXZp3NuXZJC0rF1j.pdf
00080/2023;DESENVOLVA EMPREENDIMENTOS E SERVICOS DE CONSTRUCOES LTDA;Contrato;Contrato;O OBJETO DO PRESENTE INSTRUMENTO CONSISTE NA CONTRATAÇÃO EMPRESA ESPECIALIZADA PARA REVITALIZAÇÃO DO CARTÓRIO ELEITORAL DA 3.ª ZONA ELEITORAL, LOCALIZADA NO MUNICÍPIO DE ALTO ALEGRE/RR, NAS CONDIÇÕES ESTABELECIDAS NO TERMO DE REFERÊNCIA.;https://contratos.comprasnet.gov.br/storage/contrato/240785_00080_2023/pMPnDOxvANgjDWBxnmm9RyHhmRkwuqRPbJzLok1d.pdf
00080/2023;DESENVOLVA EMPREENDIMENTOS E SERVICOS DE CONSTRUCOES LTDA;Garantia;Garantia;O OBJETO DO PRESENTE INSTRUMENTO CONSISTE NA CONTRATAÇÃO EMPRESA ESPECIALIZADA PARA REVITALIZAÇÃO DO CARTÓRIO ELEITORAL DA 3.ª ZONA ELEITORAL, LOCALIZADA NO MUNICÍPIO DE ALTO ALEGRE/RR, NAS CONDIÇÕES ESTABELECIDAS NO TERMO DE REFERÊNCIA.;https://contratos.comprasnet.gov.br/storage/contrato/240785_00080_2023/cvUng4iCNPl6Mbe2xY1o5BhKPdV54cOXzpu5h5GM.pdf
00081/2023;DESENVOLVA EMPREENDIMENTOS E SERVICOS DE CONSTRUCOES LTDA;Contrato;Contrato;O OBJETO DO PRESENTE INSTRUMENTO CONSISTE NA CONTRATAÇÃO EMPRESA ESPECIALIZADA PARA REVITALIZAÇÃO DO CARTÓRIO ELEITORAL DA 4.ª ZONA ELEITORAL, LOCALIZADA NO MUNICÍPIO DE SÃO LUIZ/RR, NAS CONDIÇÕES ESTABELECIDAS NO TERMO DE REFERÊNCIA,;https://contratos.comprasnet.gov.br/storage/contrato/240802_00081_2023/xr46aO6OFs4tU8OtCiKP4J0vh44Ij0GwglJxmt0c.pdf
00083/2023;DESENVOLVA EMPREENDIMENTOS E SERVICOS DE CONSTRUCOES LTDA;Contrato;Contrato;O OBJETO DO PRESENTE INSTRUMENTO CONSISTE NA CONTRATAÇÃO EMPRESA ESPECIALIZADA PARA REVITALIZAÇÃO DO CARTÓRIO ELEITORAL DA 7.ª ZONA ELEITORAL, LOCALIZADA NO MUNICÍPIO DE PACARAIMA/RR, NAS CONDIÇÕES ESTABELECIDAS NO TERMO DE REFERÊNCIA,;https://contratos.comprasnet.gov.br/storage/contrato/241290_00083_2023/oQ308fph2X0qkPxFiGJGom0NIU5WL11FF7UTdyxa.pdf
00084/2023;DESENVOLVA EMPREENDIMENTOS E SERVICOS DE CONSTRUCOES LTDA;Contrato;Contrato;O OBJETO DO PRESENTE INSTRUMENTO CONSISTE NA CONTRATAÇÃO EMPRESA ESPECIALIZADA PARA REVITALIZAÇÃO DO CARTÓRIO ELEITORAL DA 8.ª ZONA ELEITORAL, LOCALIZADA NO MUNICÍPIO DE RORAINÓPOLIS/RR, NAS CONDIÇÕES ESTABELECIDAS NO TERMO DE REFERÊNCIA,;https://contratos.comprasnet.gov.br/storage/contrato/241294_00084_2023/iLcxj9Zr6PrdDqptc1orFudD3InmwZWohrhMLU67.pdf
00084/2023;DESENVOLVA EMPREENDIMENTOS E SERVICOS DE CONSTRUCOES LTDA;Garantia;Garantia;O OBJETO DO PRESENTE INSTRUMENTO CONSISTE NA CONTRATAÇÃO EMPRESA ESPECIALIZADA PARA REVITALIZAÇÃO DO CARTÓRIO ELEITORAL DA 8.ª ZONA ELEITORAL, LOCALIZADA NO MUNICÍPIO DE RORAINÓPOLIS/RR, NAS CONDIÇÕES ESTABELECIDAS NO TERMO DE REFERÊNCIA,;https://contratos.comprasnet.gov.br/storage/contrato/241294_00084_2023/szI6iM44B3MP6KsgcxgUG72hP0Tnopo68SPYB2WJ.pdf
00082/2023;DESENVOLVA EMPREENDIMENTOS E SERVICOS DE CONSTRUCOES LTDA;Contrato;Contrato;O OBJETO DO PRESENTE INSTRUMENTO CONSISTE NA CONTRATAÇÃO EMPRESA ESPECIALIZADA PARA REVITALIZAÇÃO DO CARTÓRIO ELEITORAL DA 6.ª ZONA ELEITORAL, LOCALIZADA NO MUNICÍPIO DE MUCAJAÍ/RR, NAS CONDIÇÕES ESTABELECIDAS NO TERMO DE REFERÊNCIA.;https://contratos.comprasnet.gov.br/storage/contrato/241343_00082_2023/IDVdQ7zuGn9hc3fLWerl6tTALzMb4nebLSRstCeQ.pdf
00082/2023;DESENVOLVA EMPREENDIMENTOS E SERVICOS DE CONSTRUCOES LTDA;Garantia;Garantia;O OBJETO DO PRESENTE INSTRUMENTO CONSISTE NA CONTRATAÇÃO EMPRESA ESPECIALIZADA PARA REVITALIZAÇÃO DO CARTÓRIO ELEITORAL DA 6.ª ZONA ELEITORAL, LOCALIZADA NO MUNICÍPIO DE MUCAJAÍ/RR, NAS CONDIÇÕES ESTABELECIDAS NO TERMO DE REFERÊNCIA.;https://contratos.comprasnet.gov.br/storage/contrato/241343_00082_2023/2lCKMlKTOkP1um18hwCCPDnvz7HznoFwlrGpbF3H.pdf
00001/2024;RECHE GALDEANO & CIA LTDA;Contrato;Contrato;O OBJETO DO PRESENTE INSTRUMENTO É A CONTRATAÇÃO DE SERVIÇO DE LOCAÇÃO DE VEÍCULO AUTOMOTOR UTILITÁRIO TIPO PICK-UP CABINE DUPLA, TRAÇÃO 4X4, SEM MOTORISTA, NAS CONDIÇÕES ESTABELECIDAS NO TERMO DE REFERÊNCIA.;https://contratos.comprasnet.gov.br/storage/contrato/241723_00001_2024/hMzhibj79cKfIOuy5hRvp8Kn9aI4H5YhRKdeJClw.pdf
00089/2023;REDNOV FERRAMENTAS LTDA.;Contrato;Contrato n.º 89/2023;AQUISIÇÃO DE MATERIAIS/BENS DE CONSUMO (HIDRÁULICOS) COM A FINALIDADE DE ATENDER DEMANDAS DA SEDE DO TRIBUNAL REGIONAL ELEITORAL DE RORAIMA E CARTÓRIOS ELEITORAIS;https://contratos.comprasnet.gov.br/storage/contrato/242170_00089_2023/BkzBGTKvsFQAtI7S4gdN67M3010YiDGbrXMwqk6f.pdf
00025/2023;3S SOLUCOES E CONTRATOS LTDA;Contrato;Carta-Contrato n.º 25/2023;AQUISIÇÃO DE MATERIAIS/BENS DE CONSUMO (ELÉTRICOS, E HIDRÁULICOS) COM A FINALIDADE DE ATENDER O TRIBUNAL REGIONAL ELEITORAL DE RORAIMA;https://contratos.comprasnet.gov.br/storage/contrato/242189_00025_2023/IPBz1iAe6mZgK264sUamS7Ym5KmsO2kaJ0HV7aWM.pdf
00086/2023;DESENVOLVA EMPREENDIMENTOS E SERVICOS DE CONSTRUCOES LTDA;Contrato;Contrato;O OBJETO DO PRESENTE INSTRUMENTO CONSISTE NA CONTRATAÇÃO DE EMPRESA ESPECIALIZADA NO RAMO DE ENGENHARIA PARA PRESTAÇÃO DOS SERVIÇOS DE REVITALIZAÇÃO DO PRÉDIO SEDE DO TRE-RR, NAS CONDIÇÕES ESTABELECIDAS NO TERMO DE REFERÊNCIA.;https://contratos.comprasnet.gov.br/storage/contrato/242309_00086_2023/OjBxBLBFsrfw71jqrUvnT2Rc58GSgfdP4XlIB5eS.pdf
00079/2023;POSITIVO TECNOLOGIA S.A.;Contrato;Contrato;O OBJETO DO PRESENTE INSTRUMENTO É A AQUISIÇÃO DE COMPUTADORES, NAS CONDIÇÕES ESTABELECIDAS NO TERMO DE REFERÊNCIA.;https://contratos.comprasnet.gov.br/storage/contrato/242400_00079_2023/goSpxlg6cIkBmGGVhgMJEWzcUtoItlWtzylNqk6o.pdf
00079/2023;POSITIVO TECNOLOGIA S.A.;Garantia;Garantia;O OBJETO DO PRESENTE INSTRUMENTO É A AQUISIÇÃO DE COMPUTADORES, NAS CONDIÇÕES ESTABELECIDAS NO TERMO DE REFERÊNCIA.;https://contratos.comprasnet.gov.br/storage/contrato/242400_00079_2023/9kn9pey1blnDvMOjpqWcHcLtipHXXERIIdowIi7d.pdf
00085/2023;CURUPIRA S.A;Contrato;Contrato n.º 85/2023;CONTRATAÇÃO DE SERVIÇO CONTINUADO OMNI CHANNEL EM NUVEM PARA COMUNICAÇÃO DA JUSTIÇA ELEITORAL DE RORAIMA COM REDES SOCIAIS, APLICATIVOS DE MENSAGENS DIVERSOS E WHATSAPP BUSINESS CONFORME CONDIÇÕES E ESPECIFICAÇÕES NO TERMO DE REFERÊNCIA.;https://contratos.comprasnet.gov.br/storage/contrato/242734_00085_2023/r1oqcZZIQnrcWjkbVmgwaz4k1a1rvzFLAjWbvRbg.pdf
00002/2024;NEWFRONT SOLUCOES EM CLOUD E TI LTDA.;Contrato;Contrato n.º 2/2024;CONTRATAÇÃO DE EMPRESA ESPECIALIZADA PARA PRESTAÇÃO DO SERVIÇO DE SUPORTE COM REPASSE DE CONHECIMENTO PARA O AMBIENTE COMPUTACIONAL DE HIPERCONVERGÊNCIA USANDO TECNOLOGIAS OPEN SOURCE DE VIRTUALIZAÇÃO, BACKUP E ARMAZENAMENTO DEFINIDO POR SOFTWARE (SDS), BASEADO EM HIPERCONVERGÊNCIA PROXMOX VE E CEPH, NAS CONDIÇÕES ESTABELECIDAS NO TERMO DE REFERÊNCIA.;https://contratos.comprasnet.gov.br/storage/contrato/247102_00002_2024/2pQ9ZngyUOtwdBETlLuVXgznQMQHLeFaCUyInFCj.pdf
00002/2024;NEWFRONT SOLUCOES EM CLOUD E TI LTDA.;Garantia;Garantia;CONTRATAÇÃO DE EMPRESA ESPECIALIZADA PARA PRESTAÇÃO DO SERVIÇO DE SUPORTE COM REPASSE DE CONHECIMENTO PARA O AMBIENTE COMPUTACIONAL DE HIPERCONVERGÊNCIA USANDO TECNOLOGIAS OPEN SOURCE DE VIRTUALIZAÇÃO, BACKUP E ARMAZENAMENTO DEFINIDO POR SOFTWARE (SDS), BASEADO EM HIPERCONVERGÊNCIA PROXMOX VE E CEPH, NAS CONDIÇÕES ESTABELECIDAS NO TERMO DE REFERÊNCIA.;https://contratos.comprasnet.gov.br/storage/contrato/247102_00002_2024/zkR3Kd53tOlq0F3GoRQMmiAzjqUIcLMAEeK8yHky.pdf
00005/2024;CONTIGO SOLUCOES PARA GESTAO PUBLICA LTDA;Contrato;Carta-Contrato n.º 5/2024;AQUISIÇÃO DE MATERIAIS DE CONSUMO DE TIC, MATERIAL DE PROCESSAMENTO DE DADOS: CASE (GAVETA EXTERNA) PARA SSD SATA, CASE (GAVETA EXTERNA) PARA SSD M.2 NVME E HUB USB 3.0 COM 4 PORTAS).;https://contratos.comprasnet.gov.br/storage/contrato/251487_00005_2024/EDJyCVhNRcxBD0DHkYGXK9Puj77epv4LBqa4pgTa.pdf
00003/2024;DONIA DESENVOLVIMENTO DE SOFTWARES LTDA;Contrato;Contrato n.º 3/2024;"CONTRATAÇÃO DE CURSO TELEPRESENCIAL PARA USO DA PLATAFORMA SINAPSES, COMPREENDENDO SUAS APIS E MÓDULOS, COM INTUITO DE ADEQUAR AO PROCESSO CONVENCIONAL DE DESENVOLVIMENTO DE INTELIGÊNCIA ARTIFICIAL PARA FOMENTAR READEQUAÇÃO DE MODELO PARA O ""JANUS""";https://contratos.comprasnet.gov.br/storage/contrato/252980_00003_2024/Eh9Dz1eGfsG3m2335wfmAKloK8qfDw1ETZP7LSKG.pdf
